internal_sku,catalog_status,review_reason,review_flag,supplier_part_number,supplier_code_family,raw_description,normalized_part_name,brand_bike,primary_family,fitment_models,variant_tokens,side,net_rate_rs,sku_seed
SPL-HELO-PLUS,review,mixed_fitment_families,yes,12VHS1QT4540,NUMERIC,HELOGEN BULB LUMAX 45/40W HS1 SPL+/PAS+ Q,Helogen Bulb Lumax,UNIVERSAL/OTHER,SPLENDOR,Splendor Plus|Passion Plus,,,75.00,SPLENDOR-HELOGENB
UNI-CVMF,review,primary_family_review|generic_brand_only,yes,18355KWH760S,NUMERIC,COVER MUFFLER,Cover Muffler,UNIVERSAL/OTHER,UNIVERSAL,,,,232.02,UNIVERSAL-COVERMUF
UNI-CVMF,review,primary_family_review|generic_brand_only,yes,18355KWH970S,NUMERIC,COVER MUFFLER,Cover Muffler,UNIVERSAL/OTHER,UNIVERSAL,,,,295.30,UNIVERSAL-COVERMUF
HER-HLAS,safe,,no,216HLASPP,NUMERIC,H/L ASSY SPL PLUS,Head Light Assembly,HERO,HERO,,,,275.00,HERO-HLASSY
SPL-MIRR-PLUS-LHS,safe,,no,216SVMSPPL,NUMERIC,MIRROR SPL + LHS,Mirror,HERO,SPLENDOR,Splendor Plus,,LHS,75.60,SPLENDOR-MIRROR-LHS
SPL-MIRR-PLUS-RHS,safe,,no,216SVMSPPR,NUMERIC,MIRROR SPL + RHS,Mirror,HERO,SPLENDOR,Splendor Plus,,RHS,75.60,SPLENDOR-MIRROR-RHS
SPL-TLAS-PLUS,safe,,no,216TLASPP,NUMERIC,T/L ASSY SPL PLUS / SPLDR PLUS,Tail Light Assembly,HERO,SPLENDOR,Splendor Plus,,,161.70,SPLENDOR-TLASSY
SPL-TLNS-PLUS,safe,,no,216TLLSPP,NUMERIC,TAIL LENS SPLENDOR PLUS,Tail Lens,HERO,SPLENDOR,Splendor Plus,,,74.20,SPLENDOR-TAILLENS
TVS-MIRR-RHS,safe,,no,220SVMJDR,NUMERIC,MIRROR JUPITOR RHS,Mirror,TVS,TVS,,,RHS,94.72,TVS-MIRROR-RHS
JUP-TLAS,safe,,no,220TLALEDJU,NUMERIC,T/L ASSY JUPITER,Tail Light Assembly,TVS,JUPITER,Jupiter,,,1104.84,JUPITER-TLASSY
ACC-MIRR-OMNM-LHS,safe,,no,225SVMASL,NUMERIC,MIRROR ACCESS O/M/N/M LHS WITH STUD,Mirror,SUZUKI,ACCESS,Access Old Model|Access New Model,N/M|O/M,LHS,100.80,ACCESS-MIRROR-LHS
ACC-MIRR-OMNM-RHS,safe,,no,225SVMASR,NUMERIC,MIRROR ACCESS O/M/N/M RHS WITH STUD,Mirror,SUZUKI,ACCESS,Access Old Model|Access New Model,N/M|O/M,RHS,100.80,ACCESS-MIRROR-RHS
UNI-CHKT,review,primary_family_review|generic_brand_only,yes,22K130LS,NUMERIC,CAM.CHAIN KIT,Chain Kit,UNIVERSAL/OTHER,UNIVERSAL,,,,350.84,UNIVERSAL-CHAINKIT
HON-HLUN,safe,,no,238HLU,NUMERIC,H/L UNIT UNICON,Head Light Unit,HONDA,HONDA,,,,318.12,HONDA-HLUNIT
HON-HLUN-PRK,safe,,no,238HLUUNIP,NUMERIC,H/L UNIT UNICON N/M WT PARKING,Head Light Unit,HONDA,HONDA,,N/M,,581.46,HONDA-HLUNIT
ACT-BLNK-RHS,safe,,no,239BLA110FR,NUMERIC,B/L ASSY ACTIVA NEW 110CC RHS,Blinker Assembly,HONDA,ACTIVA,Activa,110,RHS,118.80,ACTIVA-BLINKER-RHS
ACT-BLNK-3G5G-LHS,safe,,no,239BLA5GFL,NUMERIC,B/L ASSY ACTIVA 3G/5G LHS,Blinker Assembly,HONDA,ACTIVA,Activa 3G|Activa 5G,3G|5G,LHS,132.30,ACTIVA-BLINKER-LHS
ACT-BLNK-3G5G-RHS,safe,,no,239BLA5GFR,NUMERIC,B/L ASSY ACTIVA 3G/5G RHS,Blinker Assembly,HONDA,ACTIVA,Activa 3G|Activa 5G,3G|5G,RHS,132.30,ACTIVA-BLINKER-RHS
ACT-HLUN-3G,safe,,no,239HLU3G,NUMERIC,HAL UNIT ACTIVA 3G,Head Light Unit,HONDA,ACTIVA,Activa 3G,3G,,391.30,ACTIVA-HLUNIT
ACT-HLUN-OM,safe,,no,239HLUA,NUMERIC,H/L UNIT ACTIVA O/M,Head Light Unit,HONDA,ACTIVA,Activa Old Model,O/M,,242.88,ACTIVA-HLUNIT
ACT-HLUN-NM,safe,,no,239HLUAND,NUMERIC,H/L UNIT ACTIVA N/M,Head Light Unit,HONDA,ACTIVA,Activa New Model,N/M,,324.10,ACTIVA-HLUNIT
ACT-MIRR-BS6NM-LHS,review,mixed_fitment_families,yes,239SVM110BS6,NUMERIC,MIRROR ACTIVA BS6 110/DIO N/M LHS,Mirror,HONDA,ACTIVA,Activa BS6|Dio New Model,N/M|BS6|110,LHS,115.50,ACTIVA-MIRROR-LHS
ACT-MIRR-NM-LHS,safe,,no,239SVMNDL,NUMERIC,MIRROR ACTIVA N/M LHS,Mirror,HONDA,ACTIVA,Activa New Model,N/M,LHS,92.40,ACTIVA-MIRROR-LHS
ACT-MIRR-NM-RHS,safe,,no,239SVMNDR,NUMERIC,MIRROR ACTIVA N/M RHS,Mirror,HONDA,ACTIVA,Activa New Model,N/M,RHS,92.40,ACTIVA-MIRROR-RHS
ACT-TLAS-3G4G5G,safe,,no,239TLA3G,NUMERIC,T/L ASSY ACTIVA 3G/4G/5G,Tail Light Assembly,HONDA,ACTIVA,Activa 3G|Activa 4G|Activa 5G,3G|4G|5G,,1048.60,ACTIVA-TLASSY
ACT-TLAS-110,safe,,no,239TLUAC,NUMERIC,T/L ASSY ACTIVA 110 CC N/M HET,Tail Light Assembly,HONDA,ACTIVA,Activa 110,N/M|HET|110,,630.00,ACTIVA-TLASSY
UNI-PEDA,review,primary_family_review|generic_brand_only|sku_collision,yes,24701KCC900S,NUMERIC,PEDAL GEARCHANGE,Pedal Gearchange,UNIVERSAL/OTHER,UNIVERSAL,,,,144.14,UNIVERSAL-PEDALGEA
DSC-MIRR-RHS,review,mixed_fitment_families,yes,248SVMDTR,NUMERIC,MIRROR PULSAR DTSI/PLATINA/DISCOVER RHS,Mirror,BAJAJ,DISCOVER,Discover|Platina|Pulsar,,RHS,78.08,DISCOVER-MIRROR-RHS
SUZ-SLFM,safe,,no,26024990,NUMERIC,SELF MOTOR ACCESE N/M,Self Motor,SUZUKI,SUZUKI,,N/M,,1807.66,SUZUKI-SELFMOTOR
SHI-SLFM,review,mixed_fitment_families,yes,26046090,NUMERIC,SELF MOTOR SHINE/EXTREME/UNICORN,Self Motor,HONDA,SHINE,Shine|Unicorn|Xtreme,,,1236.24,SHINE-SELFMOTOR
SPL-SLFM-ISMPROPL,review,mixed_fitment_families|many_fitments,yes,26046091,NUMERIC,SELF MOTOR PASSION PRO/SPL PRO/SPL+/I SMART,Self Motor,HERO,SPLENDOR,Splendor iSmart|Passion Pro|Splendor Pro|Splendor Plus,,,942.88,SPLENDOR-SELFMOTOR
SHI-HLUN,safe,,no,260HLUD,NUMERIC,H/L UNIT SHINE DK,Head Light Unit,HONDA,SHINE,Shine,,,401.28,SHINE-HLUNIT
ACT-SLFM-1101253G,review,mixed_fitment_families|many_fitments,yes,26261568,NUMERIC,SELF MOTOR ACTIVA 110 NM/125/3G/4G/ACCESS,Self Motor,HONDA,ACTIVA,Activa 110|Activa 125|Activa 3G|Activa 4G|Access,3G|4G|110|125,,913.90,ACTIVA-SELFMOTOR
DRY-HLAS-PRK,safe,,no,264HLADY,NUMERIC,H/L ASSY HONDA DREAM YUGA WITH PARKING,Head Light Assembly,HONDA,DREAMYUGA,Dream Yuga,,,442.40,DREAMYUGA-HLASSY
UNI-SPEE,review,primary_family_review|generic_brand_only,yes,29K210S,NUMERIC,SPEEDOMETER DRIVE KIT,Speedometer Drive Kit,UNIVERSAL/OTHER,UNIVERSAL,,,,44.23,UNIVERSAL-SPEEDOME
UNI-FLSH,review,primary_family_review|generic_brand_only,yes,2FL1301,NUMERIC,FLASHER UNIVERSAL FOR 6V/12V DC (LISPART),Flasher,UNIVERSAL/OTHER,UNIVERSAL,,,,58.00,UNIVERSAL-FLASHER
UNI-HORN-BLK,review,primary_family_review|generic_brand_only,yes,2WH0703,NUMERIC,HORN LISPART BIG 72MM BLACK,Horn Lispart Big,UNIVERSAL/OTHER,UNIVERSAL,,,,95.00,UNIVERSAL-HORNLISP
UNI-RELA,review,primary_family_review|generic_brand_only,yes,38501AAW300998,NUMERIC,RELAY COMP START,Relay Comp Start,UNIVERSAL/OTHER,UNIVERSAL,,,,118.21,UNIVERSAL-RELAYCOM
UNI-ARMR,review,primary_family_review|generic_brand_only,yes,43410KCC900S,NUMERIC,ARM RR. BRAKE,Arm Rr. Brake,UNIVERSAL/OTHER,UNIVERSAL,,,,35.86,UNIVERSAL-ARMRRBRA
UNI-ARMF,review,primary_family_review|generic_brand_only,yes,45410KCC900S,NUMERIC,ARM FR.BRAKE,Arm Fr.Brake,UNIVERSAL/OTHER,UNIVERSAL,,,,32.34,UNIVERSAL-ARMFRBRA
UNI-PEDA,review,primary_family_review|generic_brand_only|sku_collision,yes,46500K WA910S,NUMERIC,PEDAL BRAKE,Pedal Brake,UNIVERSAL/OTHER,UNIVERSAL,,,,189.84,UNIVERSAL-PEDALBRA
UNI-GUAR,review,primary_family_review|generic_brand_only|sku_collision,yes,50803KCC900S,NUMERIC,GUARD LEG,Guard Leg,UNIVERSAL/OTHER,UNIVERSAL,,,,442.95,UNIVERSAL-GUARDLEG
UNI-GUAR,review,primary_family_review|generic_brand_only|sku_collision,yes,51103KCC900S,NUMERIC,GUARD SAREE,Guard Saree,UNIVERSAL/OTHER,UNIVERSAL,,,,309.36,UNIVERSAL-GUARDSAR
UNI-STEP,review,primary_family_review|generic_brand_only,yes,51104KCC900S,NUMERIC,STEP PILLION WOMEN,Step Pillion Women,UNIVERSAL/OTHER,UNIVERSAL,,,,116.01,UNIVERSAL-STEPPILL
ACT-CDI-OM,review,mixed_fitment_families,yes,52010,NUMERIC,CDI ACTIVA O/M/DIO O/M (3 SHOCKET 4/2/4),CDI Unit,HONDA,ACTIVA,Activa Old Model|Dio Old Model,O/M,,611.25,ACTIVA-CDI
ACC-CDI-NM,safe,,no,52041,NUMERIC,CDI ACCESS N/M (5 PIN & 2 PIN),CDI Unit,SUZUKI,ACCESS,Access New Model,N/M|5 PIN,,788.25,ACCESS-CDI
ACT-CDI-3G-4P,safe,,no,52050,NUMERIC,CDI ACTIVA 3G (2 COUPLER WITH 4 PIN & 3 PIN),CDI Unit,HONDA,ACTIVA,Activa 3G,3G|4 PIN,,966.00,ACTIVA-CDI
HER-CDI,safe,,no,52129,NUMERIC,CDI SPL,CDI Unit,HERO,HERO,,,,200.25,HERO-CDI
HFD-CDI,review,mixed_fitment_families,yes,52153,NUMERIC,CDI HF DLX/PASSION I3S (AAC1),CDI Unit,HERO,HFDLX,HF Deluxe|Passion,,,815.25,HFDLX-CDI
UNI-PIPE,review,primary_family_review|generic_brand_only,yes,53100KCC710S,NUMERIC,PIPE STRG HANDLE,Pipe Strg Handle,UNIVERSAL/OTHER,UNIVERSAL,,,,344.52,UNIVERSAL-PIPESTRG
UNI-HOUS,review,primary_family_review|generic_brand_only|sku_collision,yes,53167GE4000S,NUMERIC,HOUSING-UNDER THROTTLE,Housing-Under Throttle,UNIVERSAL/OTHER,UNIVERSAL,,,,19.68,UNIVERSAL-HOUSINGU
UNI-HOUS,review,primary_family_review|generic_brand_only|sku_collision,yes,53168166000S,NUMERIC,HOUSING UPPER THROTTLE,Housing Upper Throttle,UNIVERSAL/OTHER,UNIVERSAL,,,,22.50,UNIVERSAL-HOUSINGU
UNI-HDLV,review,primary_family_review|generic_brand_only,yes,53172KTC9208,NUMERIC,BRKT.L HANDLE LEVER,Handle Lever,UNIVERSAL/OTHER,UNIVERSAL,,,,71.72,UNIVERSAL-HANDLELVR
UNI-HDLV-RHS,review,primary_family_review|generic_brand_only,yes,53173KTRA20S,NUMERIC,BRACKET RIGHT HANDLE LEVER,Handle Lever,UNIVERSAL/OTHER,UNIVERSAL,,,RHS,64.69,UNIVERSAL-HANDLELVR-RHS
ACT-RRUN-HET3G4GP,review,mixed_fitment_families|many_fitments,yes,54063,NUMERIC,RR UNIT ACTIVA HET/3G/4G/SPL PRO/PAS PRO/CB,RR Unit,HONDA,ACTIVA,Activa HET|Activa 3G|Activa 4G|Splendor Pro,HET|3G|4G,,387.00,ACTIVA-RRUNIT
ACT-RRUN-OM,safe,,no,54066,NUMERIC,RR UNIT ACTIVA O/M (4 PIN),RR Unit,HONDA,ACTIVA,Activa Old Model,O/M|4 PIN,,234.75,ACTIVA-RRUNIT
SPL-RRUN-PLUS,safe,,no,54069,NUMERIC,RR UNIT SPL/SPL+ (PIN TYPE),RR Unit,HERO,SPLENDOR,Splendor Plus,,,214.50,SPLENDOR-RRUNIT
ACC-RRUN-OM,safe,,no,54090,NUMERIC,RR UNIT ACCESS O/M (4 PIN),RR Unit,SUZUKI,ACCESS,Access Old Model,O/M|4 PIN,,232.50,ACCESS-RRUNIT
PAS-LSCB-PRO,review,mixed_fitment_families|many_fitments|sku_collision,yes,70060438,NUMERIC,LUCAS SELF CARBON UNICORN/PASS PRO/SPL PRO/YUGA,Lucas Self Carbon,HONDA,PASSION,Passion Pro|Splendor Pro|Unicorn|Dream Yuga,,,53.72,PASSION-LUCASSEL
PAS-LSCB-PRO,review,mixed_fitment_families|sku_collision,yes,70060455,NUMERIC,LUCAS SELF CARBON PASS PRO/SPL PRO,Lucas Self Carbon,HERO,PASSION,Passion Pro|Splendor Pro,,,57.76,PASSION-LUCASSEL
ACT-LSCB-3G,review,mixed_fitment_families,yes,70060476,NUMERIC,LUCAS SELF CARBON ACTIVA 3G/WEGO/VICTOR/DF,Lucas Self Carbon,HONDA,ACTIVA,Activa 3G|Wego,3G,,54.72,ACTIVA-LUCASSEL
ACT-LSCB,review,mixed_fitment_families,yes,70060487,NUMERIC,LUCAS SELF CARBON ACTIVA/PLEASURE/SCOOTY P,Lucas Self Carbon,HONDA,ACTIVA,Activa|Pleasure,,,50.92,ACTIVA-LUCASSEL
UNI-BASE,review,primary_family_review|generic_brand_only,yes,80102KCC900S,NUMERIC,BASE TAILLIGHT,Base Taillight,UNIVERSAL/OTHER,UNIVERSAL,,,,38.13,UNIVERSAL-BASETAIL
UNI-PLAT,review,primary_family_review|generic_brand_only,yes,80150KCC900S,NUMERIC,PLATE RR FENDER,Plate Rr Fender,UNIVERSAL/OTHER,UNIVERSAL,,,,28.12,UNIVERSAL-PLATERRF
UNI-PANE,review,primary_family_review|generic_brand_only,yes,83402KCC900S,NUMERIC,PANEL INNER,Panel Inner,UNIVERSAL/OTHER,UNIVERSAL,,,,46.40,UNIVERSAL-PANELINN
UNI-ANAB,review,primary_family_review|generic_brand_only,yes,ANABOND666T,ANABOND,ANABOND 666T-MAX 15 GMS (CLEAR),Anabond,UNIVERSAL/OTHER,UNIVERSAL,,,,25.00,UNIVERSAL-ANABOND
UNI-ANAB,review,primary_family_review|generic_brand_only,yes,ANABOND696,ANABOND,ANABOND 696 15 GMS (GREY),Anabond,UNIVERSAL/OTHER,UNIVERSAL,,,,20.00,UNIVERSAL-ANABOND
CDD-PTAP,review,mixed_fitment_families,yes,AR1125,AR,AR PETROL TAP SPL/PASS/CD DLX/SHINE,Petrol Tap,UNIVERSAL/OTHER,CDDELUXE,CD Deluxe|Shine,,,82.00,CDDELUXE-PETROLTAP
ACT-PTAP,safe,,no,AR1140,AR,AR PETROL TAP ACTIVA,Petrol Tap,HONDA,ACTIVA,Activa,,,138.02,ACTIVA-PETROLTAP
UNI-PTAP,safe,,no,AR1142,AR,AR PETROL TAP UNICORN,Petrol Tap,HONDA,UNICORN,Unicorn,,,105.00,UNICORN-PETROLTAP
CDD-PTAP-LCK,review,mixed_fitment_families,yes,AR2013,AR,AR PETROL TAP SPL/PASS/CD DLX/SHINE LOCKABL,Petrol Tap,UNIVERSAL/OTHER,CDDELUXE,CD Deluxe|Shine,,,105.00,CDDELUXE-PETROLTAP
UNI-BEAR,review,primary_family_review|generic_brand_only|sku_collision,yes,ARB6000,AR,BAIL BEARINGS 6000,Ball Bearings,UNIVERSAL/OTHER,UNIVERSAL,,,,33.04,UNIVERSAL-BEARING
UNI-BEAR,review,primary_family_review|generic_brand_only|sku_collision,yes,ARB6004RSKIT,AR,BAIL BEARINGS 6004 RS (KIT),Ball Bearings,UNIVERSAL/OTHER,UNIVERSAL,,,,120.00,UNIVERSAL-BEARING
UNI-BEAR,review,primary_family_review|generic_brand_only|sku_collision,yes,ARB6200RS,AR,BAIL BEARINGS 6200 RS,Ball Bearings,UNIVERSAL/OTHER,UNIVERSAL,,,,47.04,UNIVERSAL-BEARING
SPL-BSHO-ISM-REAR,review,,no,ASKBS0101,ASKBS,ASK BRAKE SHOE SPLENDOR REAR SMALL/SPL IS,Brake Shoe,HERO,SPLENDOR,Splendor iSmart,,REAR,77.76,SPLENDOR-BRAKESHOE-REAR
KB4-BSHO,safe,,no,ASKBS0102,ASKBS,ASK BRAKE SHOE KB4S/CALIBER,Brake Shoe,BAJAJ,KB4S,KB4S,,,81.42,KB4S-BRAKESHOE
KB1-BSHO,review,mixed_fitment_families,yes,ASKBS0128,ASKBS,ASK BRAKE SHOE KB100/PULSAR,Brake Shoe,BAJAJ,KB100,KB100|Pulsar,,,90.30,KB100-BRAKESHOE
WEG-BSHO,review,mixed_fitment_families,yes,ASKBS0129,ASKBS,ASK BRAKE SHOE SAMURAI/WEGO/JUPITER,Brake Shoe,TVS,WEGO,Wego|Jupiter|Samurai,,,106.56,WEGO-BRAKESHOE
FZ-BSHO,review,mixed_fitment_families|many_fitments,yes,ASKBS0136,ASKBS,ASK BRAKE SHOE FZ/FZ-16/FAZER/YAMAHA RAY/F,Brake Shoe,YAMAHA,FZ,Fazer|FZ-16|FZ|Ray,,,137.20,FZ-BRAKESHOE
ACT-BSHO-NMSUP,review,mixed_fitment_families,yes,ASKBS0212,ASKBS,ASK BRAKE SHOE ACTIVA N/M/SUP SPL,Brake Shoe,HONDA,ACTIVA,Activa New Model|Super Splendor,N/M,,95.22,ACTIVA-BRAKESHOE
ACC-BSHO,safe,,no,ASKBS0213,ASKBS,ASK BRAKE SHOE SUZUKI ACCESS,Brake Shoe,SUZUKI,ACCESS,Access,,,92.40,ACCESS-BRAKESHOE
ACT-CHKC-NM3G4G,review,mixed_fitment_families|many_fitments,yes,ASKCH17,ASK,ASK CHOKE CABLE ACTIVA N/M/3G/4G/MAESTRO,Choke Cable,HONDA,ACTIVA,Activa New Model|Activa 3G|Activa 4G|Maestro,N/M|3G|4G,,51.50,ACTIVA-CHOKECAB
PAS-DPAD-SUP,review,mixed_fitment_families,yes,ASKDBP0502,ASKDBP,ASK DISC PAD UNICON/PASSION/SUP SPL/XTREEM,Disc Pad,UNIVERSAL/OTHER,PASSION,Passion|Super Splendor,,,66.00,PASSION-DISCPAD
FZ-DPAD-FRONT,review,mixed_fitment_families,yes,ASKDBP0503,ASKDBP,ASK DISC PAD PULSAR/FZ N/M/BULLET 350 FRONT,Disc Pad,BAJAJ,FZ,FZ|Pulsar,N/M,FRONT,66.00,FZ-DISCPAD-FRONT
FZ-DPAD-FRONT,review,mixed_fitment_families,yes,ASKDBP0511,ASKDBP,ASK DISC PAD PULSAR/FZ N/M/BULLET 350 FRONT,Disc Pad,BAJAJ,FZ,FZ|Pulsar,N/M,FRONT,66.00,FZ-DISCPAD-FRONT
PUL-DPAD,review,,no,ASKDBP0514,ASKDBP,ASK DISC PAD PULSAR UG4/PULSAR 220/KTM/BULE,Disc Pad,BAJAJ,PULSAR,Pulsar 220|Pulsar,,,70.00,PULSAR-DISCPAD
CBR-DPAD-FRONT,review,mixed_fitment_families,yes,ASKDBP0519,ASKDBP,ASK DISC PAD SHINE N/N FRONT/CBR 150 FRONT,Disc Pad,HONDA,CBR,CBR 150|Shine,,FRONT,65.00,CBR-DISCPAD-FRONT
JUP-DPAD-FRONT,review,mixed_fitment_families,yes,ASKDBP0529,ASKDBP,ASK DISC PAD JUPITER CLASSIC/NTORQ FRONT/TV,Disc Pad,TVS,JUPITER,Jupiter Classic|Ntorq,,FRONT,66.00,JUPITER-DISCPAD-FRONT
ACC-DPAD-125BRG,review,mixed_fitment_families,yes,ASKDBP0531,ASKDBP,ASK DISC PAD ACCESS 125 N/M / BURGMAN STREE,Disc Pad,SUZUKI,ACCESS,Access 125|Burgman,N/M|125,,70.00,ACCESS-DISCPAD
GLM-DPAD-SUP-FRONT,review,mixed_fitment_families,yes,ASKDBP0535,ASKDBP,ASK DISC PAD SUP SPL BS6/GLAMOUR BS6 FRONT,Disc Pad,UNIVERSAL/OTHER,GLAMOUR,Glamour BS6|Glamour|Super Splendor,BS6,FRONT,66.00,GLAMOUR-DISCPAD-FRONT
EV-DPAD,review,primary_family_review,yes,ASKDBP0542,ASKDBP,ASK DISC PAD ATHER ELECTRIC ALL MODEL FRON,Disc Pad,EVs (Ola/Ather/Vespa),EV,,,,70.00,EV-DISCPAD
EV-DPAD-REAR,review,primary_family_review,yes,ASKDBP0543,ASKDBP,ASK DISC PAD ATHER ELECTRIC ALL MODEL REAR,Disc Pad,EVs (Ola/Ather/Vespa),EV,,,REAR,70.00,EV-DISCPAD-REAR
OLA-DPAD-REAR,safe,,no,ASKDBP0556,ASKDBP,ASK DISC PAD OLA REAR,Disc Pad,EVs (Ola/Ather/Vespa),OLA,Ola,,REAR,66.00,OLA-DISCPAD-REAR
OLA-DPAD-FRONT,safe,,no,ASKDBP0557,ASKDBP,ASK DISC PAD OLA FRONT,Disc Pad,EVs (Ola/Ather/Vespa),OLA,Ola,,FRONT,66.00,OLA-DISCPAD-FRONT
PAS-FBRC-PROSUP-FRONT,review,mixed_fitment_families,yes,ASKFBC04LC,ASK,ASK FRONT BRAKE CABLE SUP SPL/PASS PRO/UNI,Front Brake Cable,HERO,PASSION,Passion Pro|Super Splendor,,FRONT,61.00,PASSION-FBCABLE-FRONT
ACT-FBRC-110-FRONT,safe,,no,ASKFBCLH127N,ASK,ASK FRONT BRAKE CABLE ACTIVA 110 CC NEW (L),Front Brake Cable,HONDA,ACTIVA,Activa 110,110,FRONT,91.00,ACTIVA-FBCABLE-FRONT
ACT-FBRC-110-FRONT,safe,,no,ASKFBCRH127N,ASK,ASK FRONT BRAKE CABLE ACTIVA 110 CC NEW (R),Front Brake Cable,HONDA,ACTIVA,Activa 110,110,FRONT,96.50,ACTIVA-FBCABLE-FRONT
ACC-BSHO,safe,,no,ASKNABS00013,ASKNABS,ASK BRAKE SHOE SUZUKI ACCESS (WHITE BOX),Brake Shoe,SUZUKI,ACCESS,Access,,,102.81,ACCESS-BRAKESHOE
VSP-BSHO-REAR,safe,,no,ASKNABS00022,ASKNABS,ASK BRAKE SHOE VESPA REAR (WHITE BOX),Brake Shoe,EVs (Ola/Ather/Vespa),VESPA,Vespa,,REAR,129.03,VESPA-BRAKESHOE-REAR
JUP-BSHO,review,mixed_fitment_families,yes,ASKNABS00023,ASKNABS,ASK BRAKE SHOE JUPITER/WEGO (WHITE BOX),Brake Shoe,TVS,JUPITER,Jupiter|Wego,,,106.95,JUPITER-BRAKESHOE
ACC-RBRC-BS6BRG-REAR,review,mixed_fitment_families,yes,ASKRB1/184,ASKRB,ASK REAR BRAKE CABLE ACCESS BS6/BURGMAN B,Rear Brake Cable,SUZUKI,ACCESS,Access BS6|Burgman,BS6,REAR,135.20,ACCESS-RBCABLE-REAR
ACC-RBRC-NM-REAR,safe,,no,ASKRB181,ASKRB,ASK REAR BRAKE CABLE ACCESS / ACCESS N/M,Rear Brake Cable,SUZUKI,ACCESS,Access New Model,N/M,REAR,110.24,ACCESS-RBCABLE-REAR
ACC-RBRC-NM-REAR,safe,,no,ASKRB183,ASKRB,ASK REAR BRAKE CABLE ACCESS N/M,Rear Brake Cable,SUZUKI,ACCESS,Access New Model,N/M,REAR,135.20,ACCESS-RBCABLE-REAR
ACC-RBDR-125-REAR,safe,,no,ASKRBD0009,ASKRBD,REAR BRAKE DRUM SUZUKI ACCESS 125 N/M,Rear Brake Drum,SUZUKI,ACCESS,Access 125,N/M|125,REAR,541.25,ACCESS-REARBRAK-REAR
ACC-RBDR-OM-REAR,safe,,no,ASKRBD0016,ASKRBD,REAR BRAKE DRUM ACCESS O/M,Rear Brake Drum,SUZUKI,ACCESS,Access Old Model,O/M,REAR,546.63,ACCESS-REARBRAK-REAR
ACT-RBDR-BS6-REAR,safe,,no,ASKRBD0022,ASKRBD,REAR BRAKE DRUM ACTIVA BS6,Rear Brake Drum,HONDA,ACTIVA,Activa BS6,BS6,REAR,650.37,ACTIVA-REARBRAK-REAR
ACT-RBRC-110-REAR,safe,,no,ASKRBN127,ASKRB,ASK REAR BRAKE CABLE ACTIVA 110 CC/3G/4G/MA,Rear Brake Cable,HONDA,ACTIVA,Activa 110,3G|4G|110,REAR,100.00,ACTIVA-RBCABLE-REAR
SPL-SPDC-PLUSSUP,safe,,no,ASKSC04,ASKSC,ASK SPEEDOMETER CABLE SUP SPL/SPL+/PASSIO,Speedometer Cable,HERO,SPLENDOR,Splendor Plus|Super Splendor,,,55.50,SPLENDOR-SPDCABLE
CBZ-SPDC,review,mixed_fitment_families,yes,ASKSC122,ASKSC,ASK SPEEDOMETER CABLE CD DLX/SHINE/CBZ XTR,Speedometer Cable,HONDA,CBZ,CBZ Xtreme|CD Deluxe|Shine,,,51.50,CBZ-SPDCABLE
ACT-SPDC-110,safe,,no,ASKSC127,ASKSC,ASK SPEEDOMETER CABLE ACTIVA 110 N/M/AVIAT,Speedometer Cable,HONDA,ACTIVA,Activa 110,N/M|110,,68.50,ACTIVA-SPDCABLE
ACT-SPDC-110,safe,,no,ASKSC17,ASKSC,ASK SPEEDOMETER CABLE ACTIVA 110 N/M/PLEAS,Speedometer Cable,HONDA,ACTIVA,Activa 110,N/M|110,,56.50,ACTIVA-SPDCABLE
ACC-SPDC-NM,safe,,no,ASKSC183,ASKSC,ASK SPEEDOMETER CABLE SUZUKI ACCESS N/M,Speedometer Cable,SUZUKI,ACCESS,Access New Model,N/M,,87.50,ACCESS-SPDCABLE
SPL-ACCB-PLUS,safe,,no,ASKTC03,ASKTC,ASK ACCELERATOR CABLE SPLENDOR/SPL+/PASSI,Accelerator Cable,HERO,SPLENDOR,Splendor Plus,,,46.28,SPLENDOR-ACCCABLE
CDD-ACCB,safe,,no,ASKTC04,ASKTC,ASK ACCELERATOR CABLE SUPER SPL/CD DLX/SPL,Accelerator Cable,HERO,CDDELUXE,CD Deluxe,,,48.50,CDDELUXE-ACCCABLE
ACT-ACCB-110-A,safe,,no,ASKTC134A,ASKTC,ASK ACCELERATOR CABLE ACTIVA 110/125 BS6 (A),Accelerator Cable,HONDA,ACTIVA,Activa 110,BS6|110|125,,121.50,ACTIVA-ACCCABLE
ACT-ACCB-110-B,safe,,no,ASKTC134B,ASKTC,ASK ACCELERATOR CABLE ACTIVA 110/125 BS6 (B),Accelerator Cable,HONDA,ACTIVA,Activa 110,BS6|110|125,,120.50,ACTIVA-ACCCABLE
ACT-ACCB-110-A,safe,,no,ASKTC138A,ASKTC,ASK ACCELERATOR CABLE ACTIVA 110/125 BS6 (A),Accelerator Cable,HONDA,ACTIVA,Activa 110,BS6|110|125,,133.50,ACTIVA-ACCCABLE
ACT-ACCB-110-B,safe,,no,ASKTC138B,ASKTC,ASK ACCELERATOR CABLE ACTIVA 110/125 BS6 (B),Accelerator Cable,HONDA,ACTIVA,Activa 110,BS6|110|125,,131.50,ACTIVA-ACCCABLE
ACT-ACCB-110,safe,,no,ASKTC17NEW,ASKTC,ASK ACCELERATOR CABLE ACTIVA 110 CC N/M/3G,Accelerator Cable,HONDA,ACTIVA,Activa 110,N/M|3G|110,,95.00,ACTIVA-ACCCABLE
HER-ACCB,safe,,no,ASKTC28,ASKTC,ASK ACCELERATOR CABLE SPL PLUS,Accelerator Cable,HERO,HERO,,,,48.41,HERO-ACCCABLE
UNI-TMCH,review,primary_family_review|generic_brand_only,yes,B25HBSD-84-2,B,T.CHAIN HERO HONDA,Timing Chain,UNIVERSAL/OTHER,UNIVERSAL,,,,79.10,UNIVERSAL-TCHAIN
ACT-TMCH,review,mixed_fitment_families|sku_collision,yes,B25HSBSD-86-2,B,T.CHAIN ACTIVA/PLEASARE/DIO,Timing Chain,HONDA,ACTIVA,Activa|Dio,,,93.80,ACTIVA-TCHAIN
ACT-TMCH,review,sku_collision,no,B25HSBSD-90-2,B,T.CHAIN ACTIVA DLX,Timing Chain,HONDA,ACTIVA,Activa,,,95.91,ACTIVA-TCHAIN
PUL-SPLG-SUP,review,mixed_fitment_families,yes,BOSCHUR3DC,BOSCHUR,BOSCH SPARK PLUG PULSAR/SUP SPL/UNICORN/SH,Spark Plug,UNIVERSAL/OTHER,PULSAR,Pulsar|Super Splendor|Unicorn,,,66.00,PULSAR-SPARKPLG
PUL-SPLG-SUP,review,mixed_fitment_families,yes,BOSCHUR3DG,BOSCHUR,BOSCH SPARK PLUG PULSAR/SUP SPL/UNICORN/SH,Spark Plug,UNIVERSAL/OTHER,PULSAR,Pulsar|Super Splendor|Unicorn,,,65.00,PULSAR-SPARKPLG
STC-SPLG,safe,,no,BOSCHUR4AC,BOSCHUR,BOSCH SPARK PLUG HH/SPL/PAS/STAR CITY/BOXE,Spark Plug,UNIVERSAL/OTHER,STARCITY,Star City,,,62.00,STARCITY-SPARKPLG
ACC-BELT,review,mixed_fitment_families,yes,CCV-730,CCV,BELTS SUZUKI ACCESS/SWISS 125,Drive Belt,SUZUKI,ACCESS,Access|Swish 125,125,,171.10,ACCESS-BELT
JUP-BELT,safe,,no,CCV-738,CCV,BELTS TVS JUPITER 110CC BS6,Drive Belt,TVS,JUPITER,Jupiter,BS6|110,,289.42,JUPITER-BELT
ACT-BELT,review,mixed_fitment_families|many_fitments,yes,CCV-740,CCV,BELTS ACTIVA/PLEASURE/DIO/MAESTRO,Drive Belt,HONDA,ACTIVA,Activa|Pleasure|Dio|Maestro,O/M,,153.70,ACTIVA-BELT
MAE-BELT-6G,review,mixed_fitment_families|many_fitments,yes,CCV-742,CCV,BELTS ACTIVA 6G/DUET/MAESTRO EDGE/PLEASURE,Drive Belt,HONDA,MAESTRO,Activa 6G|Maestro Edge|Maestro|Pleasure,,,211.70,MAESTRO-BELT
AVI-BELT-NM,review,mixed_fitment_families,yes,CCV-750,CCV,BELTS ACTIVA N/M/AVIATOR N/M ALL HET MOD,Drive Belt,HONDA,AVIATOR,Activa New Model|Aviator New Model|Aviator,N/M|HET,,165.30,AVIATOR-BELT
BRG-BELT-NMBRG,review,mixed_fitment_families,yes,CCV-755,CCV,BELTS SUZUKI ACCESS N/M / BURGMAN STREET 1,Drive Belt,SUZUKI,BURGMAN,Access New Model|Burgman Street|Burgman,N/M,,173.42,BURGMAN-BELT
JUP-BELT-125,safe,,no,CCV-762,CCV,BELTS TVS JUPITER 125CC BS6,Drive Belt,TVS,JUPITER,Jupiter 125,BS6|125,,246.50,JUPITER-BELT
ACT-ROLO-OM,review,mixed_fitment_families,yes,CPKTP074,CPKTP,ROLON CLUTCH PULLY ASSEMBLY ACTIVA O/M/PLEASURE,Rolon Clutch Pully,HONDA,ACTIVA,Activa Old Model|Pleasure,O/M,,730.40,ACTIVA-ROLONCLU
MAE-ROLO-NM,review,mixed_fitment_families,yes,CPKTP077,CPKTP,ROLON CLUTCH PULLY ASSEMBLY ACTIVA N/M/MAESTRO EDGE,Rolon Clutch Pully,HONDA,MAESTRO,Activa New Model|Maestro Edge|Maestro,N/M,,819.50,MAESTRO-ROLONCLU
PAS-STBR,safe,,no,CS/HH/01,CS,ARB STEERING BALL RACER HH/SPL/CBZ/PASSION,Steering Ball Racer,UNIVERSAL/OTHER,PASSION,Passion,,,143.00,PASSION-STEERING
ACT-STBR-OM,review,mixed_fitment_families|sku_collision,yes,CS/HO/04,CS,ARB STEERING BALL RACER ACTIVA O/M/WEGO N,Steering Ball Racer,HONDA,ACTIVA,Activa Old Model|Wego,O/M,,192.50,ACTIVA-STEERING
PAS-CHKT-PLUS,review,sku_collision,no,CSBKITF111,CSBKITF,CHAIN KIT PASSION PLUS A.W (108/14/44),Chain Kit,HERO,PASSION,Passion Plus,,,474.50,PASSION-CHAINKIT
HNK-CHKT,review,mixed_fitment_families,yes,CSBKITF122,CSBKITF,CHAIN KIT CBZ EXTREME/HUNK-150CC (126/14/43),Chain Kit,HERO,HUNK,Hunk|Xtreme,,,807.00,HUNK-CHAINKIT
SPL-CHKT-PLUS,safe,,no,CSBKITF41,CSBKITF,CHAIN KIT SPL Y2K/SPL+ (106/14/43),Chain Kit,HERO,SPLENDOR,Splendor Plus,,,474.50,SPLENDOR-CHAINKIT
PAS-CHKT-PLUS,review,sku_collision,no,CSBKITF44,CSBKITF,CHAIN KIT PASSION/PASSION + O/M,Chain Kit,HERO,PASSION,Passion Plus,O/M,,463.68,PASSION-CHAINKIT
ACT-BUSH-OM,review,mixed_fitment_families,yes,CSPSETTP026,CSPSETTP,V BUSH ACTIVA O/M N/M/3G/4G/5G/PLEASURE,Bush Activa O/M,HONDA,ACTIVA,Activa Old Model|Pleasure,N/M|O/M|3G|4G|5G,,26.68,ACTIVA-BUSHACTI
ACC-BUSH-NM,safe,,no,CSPSETTP029,CSPSETTP,V BUSH ACCESS N/M (VER 2),Bush Access N/M,SUZUKI,ACCESS,Access New Model,N/M,,29.00,ACCESS-BUSHACCE
ACT-CRBK-NM,review,mixed_fitment_families,yes,CWRSETTP001,CWRSETTP,CLUTCH ROLLER BUSH KIT ACTIVA N/M/MAESTRO,Clutch Roller Bush Kit,HONDA,ACTIVA,Activa New Model|Maestro,N/M,,110.20,ACTIVA-ROLLERKIT
ACT-CRBK-3G4G5G,safe,,no,CWRSETTP002,CWRSETTP,CLUTCH ROLLER BUSH KIT ACTIVA 3G/4G/5G ALL,Clutch Roller Bush Kit,HONDA,ACTIVA,Activa 3G|Activa 4G|Activa 5G,3G|4G|5G,,110.20,ACTIVA-ROLLERKIT
ACT-CRBK,review,mixed_fitment_families,yes,CWRSETTP003,CWRSETTP,CLUTCH ROLLER BUSH KIT ACTIVA/PLEASURE/DIO,Clutch Roller Bush Kit,HONDA,ACTIVA,Activa|Pleasure|Dio,,,103.82,ACTIVA-ROLLERKIT
WEG-CRBK,review,mixed_fitment_families,yes,CWRSETTP012,CWRSETTP,CLUTCH ROLLER BUSH KIT WEGO/JUPITER (BS4),Clutch Roller Bush Kit,TVS,WEGO,Wego|Jupiter,,,103.82,WEGO-ROLLERKIT
ACC-CRBK-OM,safe,,no,CWRSETTP020,CWRSETTP,CLUTCH ROLLER BUSH KIT ACCESS O/M/SWISH,Clutch Roller Bush Kit,SUZUKI,ACCESS,Access Old Model,O/M,,116.00,ACCESS-ROLLERKIT
ACC-CRBK-NMBRG,review,mixed_fitment_families,yes,CWRSETTP021,CWRSETTP,CLUTCH ROLLER BUSH KIT ACCESS N/M (SEP) / BURGMAN,Clutch Roller Bush Kit,SUZUKI,ACCESS,Access New Model|Burgman,N/M,,143.84,ACCESS-ROLLERKIT
ACT-SHKR-3G-SET,safe,,no,END401M,END,FRONT SHOCKER ACTIVA/ACTIVA 3G LHS+RHS SE,Shocker,HONDA,ACTIVA,Activa 3G,3G,SET,495.80,ACTIVA-SHOCKER-SET
UNI-MTUB,safe,,no,END402M,END,MAIN TUBE UNICORN,Main Tube,HONDA,UNICORN,Unicorn,,,610.40,UNICORN-MAINTUBE
ACT-SHKR-REAR,review,mixed_fitment_families,yes,END4212,END,REAR SHOCKER ACTIVA/PLEASURE,Shocker,HONDA,ACTIVA,Activa|Pleasure,,REAR,603.84,ACTIVA-SHOCKER-REAR
SHI-SHKR-SLV-REAR,safe,,no,END7701M,END,REAR SHOCKER SHINE SILVER SPRING,Shocker,HONDA,SHINE,Shine,,REAR,727.75,SHINE-SHOCKER-REAR
PAS-MTUB,safe,,no,END7704,END,MAIN TUBE SPL/PASSION ENDURANCE,Main Tube,HERO,PASSION,Passion,,,440.00,PASSION-MAINTUBE
PLT-SHKR-REAR,safe,,no,END9607,END,REAR SHOCKER PLATINA SNS TYPE,Shocker,BAJAJ,PLATINA,Platina,,REAR,651.60,PLATINA-SHOCKER-REAR
SPL-ACCB-PRO,review,mixed_fitment_families,yes,EU-110N,EU,ACCELERATOR CABLE SUPER SPL/CD DLX/SPL PRO/PASS PRO,Accelerator Cable,HERO,SPLENDOR,Splendor Pro|Passion Pro|CD Deluxe,,,29.00,SPLENDOR-ACCCABLE
PAS-FBRC-PLUS-FRONT,review,mixed_fitment_families,yes,EU-111E,EU,FRONT BRAKE CABLE SPLENDOR/SPL+/PASSION +,Front Brake Cable,HERO,PASSION,Passion Plus|Splendor Plus,,FRONT,32.00,PASSION-FBCABLE-FRONT
PAS-SPDC,review,mixed_fitment_families,yes,EU-115E,EU,SPEEDOMETER CABLE SPLENDOR/PASSION,Speedometer Cable,HERO,PASSION,Passion|Splendor,,,46.53,PASSION-SPDCABLE
PAS-SPDC-PRO-DIG,safe,,no,EUN-115C,EUN,SPEEDOMETER CABLE PASSION PRO DIGITAL,Speedometer Cable,HERO,PASSION,Passion Pro,DIGITAL,,27.00,PASSION-SPDCABLE
UNI-FOGL,review,primary_family_review|generic_brand_only,yes,F1-001AA,F1,MOTORCLCLE LED FOG LIGHT,Fog Light,UNIVERSAL/OTHER,UNIVERSAL,,,,7.50,UNIVERSAL-FOGLIGHT
SPL-PETR-BLK,safe,,no,F1-1133B,F1,PETROL TANK LID PLATE SPLENDOR BLACK,Petrol Tank Lid,HERO,SPLENDOR,Splendor,,,75.00,SPLENDOR-PETROLTA
HER-CNST,safe,,no,F1-137A,F1,CENTER STAND SPL,Center Stand,HERO,HERO,,,,185.00,HERO-CENTERSTD
HER-SDST,safe,,no,F1-138,F1,SIDE STAND SPL,Side Stand,HERO,HERO,,,,55.00,HERO-SIDESTAND
JUP-STBR,safe,,no,F1-28,F1,STEERING BALL RACER JUPITER,Steering Ball Racer,TVS,JUPITER,Jupiter,,,120.00,JUPITER-STEERING
HER-COUP,safe,,no,F1-5001,F1,COUPLING RUBBER HH (F1),Coupling Rubber Hh,HERO,HERO,,,,28.00,HERO-COUPLING
SPL-COUP-SUP,safe,,no,F1-5003,F1,COUPLING RUBBER GLAM/SUP SPL/PAS/+/PRO,Coupling Rubber Glam/Sup,HERO,SPLENDOR,Super Splendor,,,43.00,SPLENDOR-COUPLING
SHI-COUP,review,mixed_fitment_families,yes,F1-5061,F1,COUPLING RUBBER SHINE/YUGA/STUNER,Coupling Rubber Shine/Yuga/Stuner,HONDA,SHINE,Shine|Dream Yuga,,,48.00,SHINE-COUPLING
ACT-PLUG,safe,,no,F1-5102,F1,PLUG CAP ACTIVA/ETERNO,Plug Cap Activa/Eterno,HONDA,ACTIVA,Activa,,,16.00,ACTIVA-PLUGCAPA
HNK-PLUG,review,mixed_fitment_families,yes,F1-5131,F1,PLUG CAP HUNK/CBZ EXTREME/HERO NEW,Plug Cap Hunk/Cbz,UNIVERSAL/OTHER,HUNK,Hunk|Xtreme,,,12.00,HUNK-PLUGCAPH
ACT-HRBT-OMNM,safe,,no,F1-6701,F1,HORN BUTTON ACTIVA O/M/N/M,Horn Button,HONDA,ACTIVA,Activa Old Model|Activa New Model,N/M|O/M,,14.00,ACTIVA-HORNBTTN
ACT-SLFB-OMNM,safe,,no,F1-6801,F1,SELF BUTTON ACTIVA O/M/N/M,Self Button,HONDA,ACTIVA,Activa Old Model|Activa New Model,N/M|O/M,,14.00,ACTIVA-SELFBTTN
ACT-SLFB-NM,safe,,no,F1-6804,F1,SELF BUTTON ACTIVA N/M,Self Button,HONDA,ACTIVA,Activa New Model,N/M,,17.00,ACTIVA-SELFBTTN
ACT-SLFB-6G125,safe,,no,F1-6805,F1,SELF BUTTON ACTIVA 6G/ACTIVA 125/GRAZIA,Self Button,HONDA,ACTIVA,Activa 6G|Activa 125,125,,35.00,ACTIVA-SELFBTTN
ACT-INDB,review,mixed_fitment_families,yes,F1-6901,F1,INDICATOR BUTTON ACTIVA OM/NM/RAY/ACCESS/,Indicator Button,HONDA,ACTIVA,Activa|Access|Ray,,,14.00,ACTIVA-INDIBTTN
ACT-DPBT,safe,,no,F1-7001,F1,DIPPER BUTTON ACTIVA,Dipper Button,HONDA,ACTIVA,Activa,,,14.00,ACTIVA-DIPBTTN
UNI-TAIL,review,primary_family_review|generic_brand_only,yes,F1-7416,F1,TAIL LIGHT BULB 12V/21/5W (1016),Tail Light Bulb,UNIVERSAL/OTHER,UNIVERSAL,,,,10.00,UNIVERSAL-TAILLIGH
UNI-INDI,review,primary_family_review|generic_brand_only,yes,F1-7420,F1,INDICATOR BULB BIG ORANGE 12V21W (1141A) C,Indicator Bulb Big,UNIVERSAL/OTHER,UNIVERSAL,,,,8.00,UNIVERSAL-INDICATO
TVS-BRAK,safe,,no,F1-DAP,F1,BRAKE PEDAL APACHE,Brake Pedal Apache,TVS,TVS,,,,180.00,TVS-BRAKEPED
HER-BRLV,safe,,no,F1BS-001,F1BS,BRAKE SIDE LEVER ONLY HH/SPL OE (WITH BOLT),Brake Side Lever,HERO,HERO,,,,38.00,HERO-BRKLEVER
ACT-BRLV-NM3G4G5G,review,many_fitments,yes,F1BS-002,F1BS,BRAKE SIDE LEVER ACTIVA N/M/3G/4G/5G (COMBI),Brake Side Lever,HONDA,ACTIVA,Activa New Model|Activa 3G|Activa 4G|Activa 5G,N/M|3G|4G|5G|COMBI,,44.00,ACTIVA-BRKLEVER
ACC-STBR-OM,safe,,no,F1CCS-03,F1CCS,STEERING BALL RACER ACCESS O/M,Steering Ball Racer,SUZUKI,ACCESS,Access Old Model,O/M,,130.00,ACCESS-STEERING
ACT-STBR-OM,review,mixed_fitment_families|sku_collision,yes,F1CCS-08,F1CCS,STEERING BALL RACER ACTIVA O/M/WEGO N/M,Steering Ball Racer,HONDA,ACTIVA,Activa Old Model|Wego,N/M|O/M,,105.00,ACTIVA-STEERING
HER-CLLV,safe,,no,F1CS-001,F1CS,CLUTCH SIDE LEVER HH/SPL OE (WITH BOLT),Clutch Side Lever,HERO,HERO,,,,38.00,HERO-CLTLEVER
HER-CNST,safe,,no,F1CSA-03,F1CSA,CENTRE STAND ASSY.(WITH PIN+SPRING) SPL OE,Center Stand,HERO,HERO,,,,190.00,HERO-CENTERSTD
ACT-CNST-OM,safe,,no,F1CSA-14,F1CSA,"CENTRE STAND ASSY ACTIVA O/M,N/M/3G/4G/5G",Center Stand,HONDA,ACTIVA,Activa Old Model,N/M|O/M|3G|4G|5G,,300.00,ACTIVA-CENTERSTD
ACT-CNST-6G,safe,,no,F1CSA-27,F1CSA,CENTRE STAND ASSY ACTIVA 6G,Center Stand,HONDA,ACTIVA,Activa 6G,,,350.00,ACTIVA-CENTERSTD
CDD-CHCV,safe,,no,F1LTH01,F1LTH,CHAIN COVER SPL/CD DLX (SILVER),Chain Cover,HERO,CDDELUXE,CD Deluxe,,,320.00,CDDELUXE-CHAINCVR
RX1-CHCV,review,mixed_fitment_families,yes,F1LTH45,F1LTH,CHAIN COVER RX 100/RX 135/RXG/RXZ,Chain Cover,YAMAHA,RX100,RX 100|RX 135,,,442.80,RX100-CHAINCVR
ACT-RIM-6GNM,review,mixed_fitment_families,yes,F1RIM6,F1,WHEEL RIM ACCESS N/M /ACTIVA 6G/AVIATOR N,Wheel Rim,SUZUKI,ACTIVA,Activa 6G|Access New Model|Aviator,N/M,,510.00,ACTIVA-RIM
HER-FRON-HVY-RHS,review,slash_fitment_unclear,yes,F1SM-100,F1SM,FRONT FOOTREST ASSE RHS SPL/PASS/CD HEAVY(F1),Front Footrest Asse,HERO,HERO,,,RHS,35.00,HERO-FRONTFOO-RHS
HER-REAR-HVY-LHS,review,slash_fitment_unclear,yes,F1SM-101,F1SM,REAR FOOTREST ASSE LHS SPL/PASS HEAVY(F1),Rear Footrest Asse,HERO,HERO,,,LHS,35.00,HERO-REARFOOT-LHS
HER-FRON-HVY-LHS,review,slash_fitment_unclear,yes,F1SM-102,F1SM,FRONT FOOTREST ASSE LHS SPL/PASS/CD HEAVY,Front Footrest Asse,HERO,HERO,,,LHS,35.00,HERO-FRONTFOO-LHS
SPL-GEAR-ISM,review,mixed_fitment_families,yes,F1SM-107,F1SM,GEAR LEVER SPLENDOR/PASSION/I SMART,Gear Lever Splendor/Passion/I,HERO,SPLENDOR,Splendor iSmart|Passion,,,90.00,SPLENDOR-GEARLEVE
JUP-AIRF-BS6,safe,,no,F1SM-117,F1SM,AIR FILTER JUPITER BS6/RIDER,Air Filter,TVS,JUPITER,Jupiter BS6,BS6,,70.00,JUPITER-AIRFILTER
ACT-AIRF-OM,safe,,no,F1SM-34,F1SM,AIR FILTER ACTIVA O/M,Air Filter,HONDA,ACTIVA,Activa Old Model,O/M,,50.00,ACTIVA-AIRFILTER
SHI-AIRF,safe,,no,F1SM-35,F1SM,AIR FILTER SHINE,Air Filter,HONDA,SHINE,Shine,,,33.00,SHINE-AIRFILTER
PLS-AIRF,safe,,no,F1SM-36,F1SM,AIR FILTER PLEASURE,Air Filter,HERO,PLEASURE,Pleasure,,,34.00,PLEASURE-AIRFILTER
ACT-AIRF-FOAM,safe,,no,F1SM-37,F1SM,AIR FILTER ACTIVA FOAM TYPE,Air Filter,HONDA,ACTIVA,Activa,,,10.00,ACTIVA-AIRFILTER
ACT-FRON-NM-FRONT,safe,,no,F1SM-39,F1SM,FRONT FORK LINK BUSH KIT ACTIVA N/M (PVC),Front Fork Link,HONDA,ACTIVA,Activa New Model,N/M,FRONT,37.50,ACTIVA-FRONTFOR-FRONT
PUL-AIRF-FOAM,safe,,no,F1SM-49,F1SM,AIR FILTER FOAM PULSAR 150 DTSI,Air Filter,BAJAJ,PULSAR,Pulsar,,,45.00,PULSAR-AIRFILTER
ACC-AIRF,safe,,no,F1SM-52,F1SM,AIR FILTER SUZUKI ACCESS,Air Filter,SUZUKI,ACCESS,Access,,,53.00,ACCESS-AIRFILTER
ACC-AIRF-NM,safe,,no,F1SM-55,F1SM,AIR FILTER SUZUKI ACCESS N/M,Air Filter,SUZUKI,ACCESS,Access New Model,N/M,,66.00,ACCESS-AIRFILTER
SPL-AIRF-PROSUP,review,mixed_fitment_families,yes,F1SM-59,F1SM,AIR FILTER SUP SPL/SPL PRO/PASS PRO/NXG/CD D,Air Filter,HERO,SPLENDOR,Splendor Pro|Passion Pro|Super Splendor,,,40.00,SPLENDOR-AIRFILTER
ACT-AIRF-HET3G4GN,review,mixed_fitment_families|many_fitments,yes,F1SM-62,F1SM,AIR FILTER AVIATOR/ACTIVA HET/3G/4G/DIO N/M,Air Filter,HONDA,ACTIVA,Activa HET|Activa 3G|Activa 4G|Aviator|Dio New Model,N/M|HET|3G|4G,,50.00,ACTIVA-AIRFILTER
DSC-AIRF,safe,,no,F1SM-66,F1SM,AIR FILTER DISCOVER 125,Air Filter,BAJAJ,DISCOVER,Discover,125,,31.00,DISCOVER-AIRFILTER
JUP-AIRF,safe,,no,F1SM-69,F1SM,AIR FILTER JUPITER N/M,Air Filter,TVS,JUPITER,Jupiter,N/M,,70.00,JUPITER-AIRFILTER
ACT-AIRF-6G,safe,,no,F1SM-70,F1SM,AIR FILTER ACTIVA 6G/GRAZIA BS6,Air Filter,HONDA,ACTIVA,Activa 6G,BS6,,61.00,ACTIVA-AIRFILTER
CBZ-AIRF,safe,,no,F1SM-71,F1SM,AIR FILTER CBZ XTREEME,Air Filter,HERO,CBZ,CBZ Xtreme,,,40.00,CBZ-AIRFILTER
ACT-AIRF-NMOM,review,mixed_fitment_families,yes,F1SM-72,F1SM,AIR FILTER ACTIVA N/M/ MAESTRO/DIO O/M,Air Filter,HONDA,ACTIVA,Activa New Model|Dio Old Model|Maestro,N/M|O/M,,50.00,ACTIVA-AIRFILTER
SHI-AIRF-BS6,safe,,no,F1SM-73,F1SM,AIR FILTER SHINE BS6,Air Filter,HONDA,SHINE,Shine BS6,BS6,,36.00,SHINE-AIRFILTER
ACT-AIRF-125,safe,,no,F1SM-75,F1SM,AIR FILTER ACTIVA 125CC,Air Filter,HONDA,ACTIVA,Activa 125,125,,65.00,ACTIVA-AIRFILTER
DSC-AIRF,safe,,no,F1SM-76,F1SM,AIR FILTER DISCOVER M/125 ST,Air Filter,BAJAJ,DISCOVER,Discover,125,,63.00,DISCOVER-AIRFILTER
SPL-AIRF-FOAM,safe,,no,F1SM-77,F1SM,AIR FILTER FOAM DOUBLE SPLENDOR OE,Air Filter,HERO,SPLENDOR,Splendor,,,23.00,SPLENDOR-AIRFILTER
SPL-AIRF-ISMPROPL,safe,,no,F1SM-80,F1SM,AIR FILTER SPL+ BS6/SPL PRO BS6/SPL I SMART/H,Air Filter,HERO,SPLENDOR,Splendor iSmart|Splendor Pro|Splendor Plus,BS6,,50.00,SPLENDOR-AIRFILTER
KRZ-AIRF,safe,,no,F1SM-86,F1SM,AIR FILTER KARIZMA,Air Filter,HERO,KARIZMA,Karizma,,,100.00,KARIZMA-AIRFILTER
VSP-AIRF,safe,,no,F1SM-91,F1SM,AIR FILTER VESPA,Air Filter,EVs (Ola/Ather/Vespa),VESPA,Vespa,,,70.00,VESPA-AIRFILTER
TWS-AIRF,safe,,no,F1SM-93,F1SM,AIR FILTER HONDA TWISTER,Air Filter,HONDA,TWISTER,Twister,,,35.00,TWISTER-AIRFILTER
RX1-AIRF,safe,,no,F1SM-94,F1SM,AIR FILTER RX 100,Air Filter,YAMAHA,RX100,RX 100,,,35.00,RX100-AIRFILTER
HER-REAR-HVY-RHS,review,slash_fitment_unclear,yes,F1SM-99,F1SM,REAR FOOTREST ASSE RHS SPL/PASS HEAVY(F1),Rear Footrest Asse,HERO,HERO,,,RHS,35.00,HERO-REARFOOT-RHS
ACT-SSAS-3G,safe,,no,F1SS-11,F1SS,SIDE STAND ASSEMBLY ACTIVA 3G/4G,Side Stand Assembly,HONDA,ACTIVA,Activa 3G,3G|4G,,135.00,ACTIVA-SIDESTAND
ACC-SSAS-NM,safe,,no,F1SS-13,F1SS,SIDE STAND ASSEMBLY SUZUKI ACCESS N/M,Side Stand Assembly,SUZUKI,ACCESS,Access New Model,N/M,,82.00,ACCESS-SIDESTAND
ACT-SSAS-OM,safe,,no,F1SS-14,F1SS,SIDE STAND ASSEMBLY ACTIVA O/M,Side Stand Assembly,HONDA,ACTIVA,Activa Old Model,O/M,,72.50,ACTIVA-SIDESTAND
HER-SSAS,safe,,no,F1SS-16,F1SS,SIDE STAND ASSEMBLY SPL,Side Stand Assembly,HERO,HERO,,,,63.00,HERO-SIDESTAND
SHI-SSAS,review,mixed_fitment_families,yes,F1SS-17,F1SS,SIDE STAND ASSEMBLY SHINE/UNICORN,Side Stand Assembly,HONDA,SHINE,Shine|Unicorn,,,69.00,SHINE-SIDESTAND
ACT-VRPL-OM,review,mixed_fitment_families,yes,FCCBHEPLE100F,FCCBHEPLE,FCC VARIATOR PLATE ACTIVA O/M/PLEASURE,Variator Plate,HONDA,ACTIVA,Activa Old Model|Pleasure,O/M,,195.00,ACTIVA-VARIATOR
HER-FCCC,safe,,no,FCCBHESPL100,FCCBHESPL,FCC CLUTCH PLATE HH/SPL,Fcc Clutch Plate,HERO,HERO,,,,140.00,HERO-FCCCLUTC
PAS-FCCC-ISM,review,mixed_fitment_families,yes,FCCBHESPL100P,FCCBHESPL,FCC CLUTCH STEEL PLATE HH/SPL/PASSION/SPL IS,Fcc Clutch Steel,HERO,PASSION,Passion|Splendor iSmart,,,71.40,PASSION-FCCCLUTC
ACT-VRPL-110,review,sku_collision,no,FCCHACTG1109,FCCHACT,FCC VARIATOR PLATE ACTIVA 110 CC N/M,Variator Plate,HONDA,ACTIVA,Activa 110,N/M|110,,198.25,ACTIVA-VARIATOR
ACT-VRPL-110,review,sku_collision,no,FCCHACTG2109,FCCHACT,FCC VARIATOR PLATE ACTIVA 110 CC HET/3G/4G,Variator Plate,HONDA,ACTIVA,Activa 110,HET|3G|4G|110,,198.25,ACTIVA-VARIATOR
SHI-FCCC-CBSH,review,sku_collision,no,FCCHCBS125HUB,FCCHCBS,FCC CLUTCH HUB CB SHINE,Fcc Clutch Hub,HONDA,SHINE,CB Shine|Shine,,,173.40,SHINE-FCCCLUTC
SHI-FCCC-CBSH,review,sku_collision,no,FCCHCBS125PP,FCCHCBS,FCC CLUTCH STEEL PLATE CB SHINE,Fcc Clutch Steel,HONDA,SHINE,CB Shine|Shine,,,84.96,SHINE-FCCCLUTC
CDD-FCCI,review,mixed_fitment_families,yes,FCCHESPL100G,FCCHESPL,FCC INNER ASSEMBLIES SPL/CD DAWN/PASSION/C,Fcc Inner Assemblies,HERO,CDDAWN,CD Dawn|Passion,,,470.00,CDDAWN-FCCINNER
ACT-FLOR-NM3G4G5G-WHT,review,many_fitments,yes,FLOR-02,FLOR,FLOR ACTIVA N/M/3G/4G/5G WHITE (2 KG),Flor Activa N/M/3G/4G/5G,HONDA,ACTIVA,Activa New Model|Activa 3G|Activa 4G|Activa 5G,N/M|3G|4G|5G,,750.00,ACTIVA-FLORACTI
ACT-VRPL-110,review,sku_collision,no,FMDTP014,FMDTP,VARIATOR PLATE ACTIVA 110 CC HET/3G/4G/5G,Variator Plate,HONDA,ACTIVA,Activa 110,HET|3G|4G|5G|110,,185.60,ACTIVA-VARIATOR
WEG-VRPL,review,mixed_fitment_families,yes,FMDTP031,FMDTP,VARIATOR PLATE WEGO/JUPITER,Variator Plate,TVS,WEGO,Wego|Jupiter,,,214.02,WEGO-VARIATOR
ACC-VRPL-OMNM,safe,,no,FMDTP039,FMDTP,VARIATOR PLATE ACCESS O/M/N/M,Variator Plate,SUZUKI,ACCESS,Access Old Model|Access New Model,N/M|O/M,,197.78,ACCESS-VARIATOR
ACT-VRPL-6G,safe,,no,FMDTP049,FMDTP,VARIATOR PLATE ACTIVA 6G,Variator Plate,HONDA,ACTIVA,Activa 6G,,,196.94,ACTIVA-VARIATOR
UNI-ENGO,review,primary_family_review|generic_brand_only,yes,GENUINE OIL01,GENUINE,ENGINE OIL (BASE OIL),Engine Oil,UNIVERSAL/OTHER,UNIVERSAL,,,,75.87,UNIVERSAL-ENGOIL
UNI-ENGO,review,primary_family_review|generic_brand_only,yes,GENUINE OIL03,GENUINE,ENGINE OIL (BASE OIL),Engine Oil,UNIVERSAL/OTHER,UNIVERSAL,,,,74.00,UNIVERSAL-ENGOIL
UNI-ENGO,review,primary_family_review|generic_brand_only,yes,GENUINE01,GENUINE,GENUINE ENGINE OIL 900 ML,Engine Oil,UNIVERSAL/OTHER,UNIVERSAL,,,,130.00,UNIVERSAL-ENGOIL
UNI-SHKR,review,primary_family_review|generic_brand_only,yes,GENUINE02,GENUINE,GENUINE SHOCKER OIL 175ML,Shocker,UNIVERSAL/OTHER,UNIVERSAL,,,,30.00,UNIVERSAL-SHOCKER
UNI-GROI,review,primary_family_review|generic_brand_only,yes,GENUINE03,GENUINE,GENUINE GEAR OIL 100 ML,Gear Oil,UNIVERSAL/OTHER,UNIVERSAL,,,,22.00,UNIVERSAL-GEAROIL
UNI-GRSE,review,primary_family_review|generic_brand_only,yes,GENUINE04,GENUINE,GENUINE GREASE 500GM (WHITE),Grease,UNIVERSAL/OTHER,UNIVERSAL,,,,97.00,UNIVERSAL-GREASE
UNI-GRSE,review,primary_family_review|generic_brand_only,yes,GENUINE04A,GENUINE,GENUINE GREASE 500GM (RED GELL),Grease,UNIVERSAL/OTHER,UNIVERSAL,,,,105.00,UNIVERSAL-GREASE
ACT-BELT,review,mixed_fitment_families|many_fitments,yes,HA4S001K4,HA,BANDO BELTS ACTIVA/PLEASURE/DIO/MAESTRO,Drive Belt,HONDA,ACTIVA,Activa|Pleasure|Dio|Maestro,O/M,,140.00,ACTIVA-BELT
HER-COUP,safe,,no,HH03,HH,COUPLING RUBBER HH (STEELBIRD),Coupling Rubber Hh,HERO,HERO,,,,37.80,HERO-COUPLING
SPL-COUP-SUP,safe,,no,HH03S,HH,COUPLING RUBBER GLAM/SUP SPL/PAS/+/PRO (STEELBIRD),Coupling Rubber Glam/Sup,HERO,SPLENDOR,Super Splendor,,,62.04,SPLENDOR-COUPLING
AVI-BELT-NM,review,mixed_fitment_families,yes,HNA45008K4,HNA,BANDO BELTS ACTIVA N/M/AVIATOR N/M ALL HET MODEL,Drive Belt,HONDA,AVIATOR,Activa New Model|Aviator New Model|Aviator,N/M|HET,,152.00,AVIATOR-BELT
SHI-COUP,review,mixed_fitment_families,yes,HS03,HS,COUPLING RUBBER SHINE/YUGA/STUNER (STEELBIRD),Coupling Rubber Shine/Yuga/Stuner,HONDA,SHINE,Shine|Dream Yuga,,,49.00,SHINE-COUPLING
HER-SEAL,safe,,no,HTA6009,HTA,GEAR SHAFT SEAL HH (6009),Seal,HERO,HERO,,,,12.73,HERO-SEAL
HER-SEAL,safe,,no,HTA6287,HTA,TOP GEAR SEAL/SPOCKET SEAL HH (6287),Seal,HERO,HERO,,,,12.73,HERO-SEAL
HER-SEAL,safe,,no,HTA6305,HTA,KICK SEAL HH (6305/1223),Seal,HERO,HERO,,,,11.39,HERO-SEAL
SPL-FKSL-FRONT,safe,,no,HTA6374,HTA,FRONT FORK SEAL SPLENDOR (7460/7906),Fork Seal,HERO,SPLENDOR,Splendor,,FRONT,32.00,SPLENDOR-FORKSEAL-FRONT
ACT-SEAL,safe,,no,HTA6432,HTA,CRANK SHAFT SEAL ACTIVA (MAGNET) (6432/776),Seal,HONDA,ACTIVA,Activa,,,12.73,ACTIVA-SEAL
ACT-SEAL-REAR,safe,,no,HTA6436/7767,HTA,REAR WHEEL SEAL ACTIVA/GEAR BOX SEAL ACTIV,Seal,HONDA,ACTIVA,Activa,,REAR,21.44,ACTIVA-SEAL-REAR
ACT-SEAL-NM,safe,,no,HTA7329,HTA,CLUTCH SEAL ACTIVA N/M (7329/7768) BIG,Seal,HONDA,ACTIVA,Activa New Model,N/M,,39.53,ACTIVA-SEAL
ACT-SEAL-6GNM,safe,,no,HTA7330,HTA,MAGNET SEAL ACTIVA N/M/ ACTIVA 6G (7330/77),Seal,HONDA,ACTIVA,Activa 6G|Activa New Model,N/M,,22.11,ACTIVA-SEAL
ACT-SEAL-FRONT,safe,,no,HTA7331/3039,HTA,FRONT WHEEL SEAL/DUST SEAL ACTIVA,Seal,HONDA,ACTIVA,Activa,,FRONT,9.38,ACTIVA-SEAL-FRONT
FZ-FKSL-FRONT,review,mixed_fitment_families,yes,HTA7705,HTA,FRONT FORK SEAL FZ/THUNDERBIRD 350,Fork Seal,ROYAL ENFIELD,FZ,FZ|Thunderbird,,FRONT,47.57,FZ-FORKSEAL-FRONT
ACC-SEAL-125,safe,,no,HTA7826,HTA,CRANK SEAL ACCESS 125 NEW SMALL,Seal,SUZUKI,ACCESS,Access 125,125,,16.08,ACCESS-SEAL
ACC-SEAL-125-LHS,safe,,no,HTA7992,HTA,CRANK SEAL ACCESS 125 NEW LHS,Seal,SUZUKI,ACCESS,Access 125,125,LHS,39.53,ACCESS-SEAL-LHS
SHI-SKIT,review,mixed_fitment_families,yes,HTAKIT-39,HTAKIT,ENGINE OIL SEAL KIT SHINE/UNICORN,Seal Kit,HONDA,SHINE,Shine|Unicorn,,,42.00,SHINE-SEALKIT
DRY-SKIT,safe,,no,HTAKIT-59,HTAKIT,ENGINE OIL SEAL KIT DREAM YUGA,Seal Kit,HONDA,DREAMYUGA,Dream Yuga,,,50.74,DREAMYUGA-SEALKIT
HER-SEAL,safe,,no,HTAKIT-63,HTAKIT,MAGNET SEAL WITH O RING HH/SPL,Seal,HERO,HERO,,,,34.17,HERO-SEAL
CDD-SEAL-PRO,review,mixed_fitment_families,yes,HTAKIT-64,HTAKIT,MAGNET SEAL WITH O RING CD DLX/PASS PRO,Seal,HERO,CDDELUXE,CD Deluxe|Passion Pro,,,54.27,CDDELUXE-SEAL
CDD-IGNC-PRO,review,mixed_fitment_families,yes,ICA-521,ICA,IGNITION COIL CD DLX/HF DLX/SPL PRO/PASS PRC,Ignition Coil,HERO,CDDELUXE,CD Deluxe|HF Deluxe|Splendor Pro,,,189.15,CDDELUXE-IGNCOIL
ACT-IGNC-OM,review,mixed_fitment_families,yes,ICA-604,ICA,IGNITION COIL ACTIVA O/M/DIO/ETERNO/AVIATO,Ignition Coil,HONDA,ACTIVA,Activa Old Model|Dio,O/M,,127.40,ACTIVA-IGNCOIL
ACT-IGNC,safe,,no,ICA-605,ICA,IGNITION COIL ACTIVA 2013 N/M/3G/4G (2 PIN),Ignition Coil,HONDA,ACTIVA,Activa,N/M|3G|4G,,186.55,ACTIVA-IGNCOIL
HER-CHKT,safe,,no,KIT34A,KIT,T.CHAIN KIT HERO HONDA (SET OF 7),Chain Kit,HERO,HERO,,,,333.61,HERO-CHAINKIT
SHI-CHKT-HVY,safe,,no,KITBS172,KITBS,CHAIN KIT SHINE WITH R428BS-CHAIN HEAVY (1,Chain Kit,HONDA,SHINE,Shine,,,816.14,SHINE-CHAINKIT
SHI-CHKT,safe,,no,KITBSF370SG,KITBSF,CHAIN KIT SHINE/SP SHINE 125 BS6,Chain Kit,HONDA,SHINE,Shine,BS6|125,,785.91,SHINE-CHAINKIT
PUL-CHKT,review,sku_collision,no,KITBSOK146,KITBSOK,CHAIN KIT PULSAR 180CC UG4,Chain Kit,BAJAJ,PULSAR,Pulsar 180|Pulsar,,,1040.52,PULSAR-CHAINKIT
BAJ-CHKT,safe,,no,KITBSOR173,KITBSOR,CHAIN KIT AVENGER 220 CC NEW,Chain Kit,BAJAJ,BAJAJ,,,,1083.99,BAJAJ-CHAINKIT
BAJ-CHKT,safe,,no,KITBSOR90,KITBSOR,CHAIN KIT AVENGER FEB 2006,Chain Kit,BAJAJ,BAJAJ,,,,1145.40,BAJAJ-CHAINKIT
CDD-CHKT-ISMPLUS,review,mixed_fitment_families,yes,KITDL500,KITDL,CHAIN KIT PASSION PLUS A.W/CD DLX/SPL NXG/I SMART,Chain Kit,HERO,CDDELUXE,CD Deluxe|Splendor iSmart|Passion Plus,,,528.50,CDDELUXE-CHAINKIT
THB-CHKT,safe,,no,KITESORTBOD,KITESORTBOD,CHAIN KIT NEW THUNDERBIRD 3500,Chain Kit,ROYAL ENFIELD,THUNDERBIRD,Thunderbird,,,1228.20,THUNDERBIRD-CHAINKIT
RON-CHKT,safe,,no,KITHPORF418,KITHPORF,CHAIN KIT TVS RONIN 225,Chain Kit,TVS,RONIN,Ronin,,,1700.85,RONIN-CHAINKIT
YAM-CHKT,safe,,no,KITNARF316,KITNARF,CHAIN KIT FV3,Chain Kit,YAMAHA,YAMAHA,,,,1077.09,YAMAHA-CHAINKIT
INT-CHKT,safe,,no,KITNOR256,KITNOR,CHAIN KIT INTRUDER 150CC,Chain Kit,SUZUKI,INTRUDER,Intruder,,,829.75,INTRUDER-CHAINKIT
XBD-CHKT,safe,,no,KITNORF275,KITNORF,CHAIN KIT HONDA X-BLADE,Chain Kit,HONDA,XBLADE,X-Blade,,,781.22,XBLADE-CHAINKIT
PUL-CHKT,review,sku_collision,no,KITNORF405,KITNORF,CHAIN KIT PULSAR N 160,Chain Kit,BAJAJ,PULSAR,Pulsar N160|Pulsar,,,1062.60,PULSAR-CHAINKIT
FZ-CHAS,review,mixed_fitment_families,yes,KITNXR143,KITNXR,CHASE KIT FZ16/FZS/FAZER 150CC,Chase Kit Fz16/Fzs/Fazer,YAMAHA,FZ,Fazer|FZ-16|FZ,,,1066.74,FZ-CHASEKIT
OLA-CHKT,safe,,no,KITNXR480NF,KITNXR,CHAIN KIT OLA S1 PRO (GEN 3),Chain Kit,EVs (Ola/Ather/Vespa),OLA,Ola S1 Pro|Ola,,,1438.10,OLA-CHAINKIT
PUL-CHAI,safe,,no,KITOSOR123,KITOSOR,CHAIN IGT PULSAR-200 CC,Chain Igt Pulsar-200,BAJAJ,PULSAR,Pulsar,,,1050.87,PULSAR-CHAINIGT
R15-CHKT,safe,,no,KJINARF311,KJINARF,CHAIN KIT R15 V3 150CC,Chain Kit,YAMAHA,R15,R15 V3,,,1181.28,R15-CHAINKIT
ACT-BSHO-NMSUP,review,mixed_fitment_families,yes,MKBS4202,MKBS,MK BRAKE SHOE ACTIVA N/M/SUP SPL,Brake Shoe,HONDA,ACTIVA,Activa New Model|Super Splendor,N/M,,87.50,ACTIVA-BRAKESHOE
SHI-MKIN,safe,,no,MKIA120201,MKIA,MK INNER ASSEMBLIES SHINE/STUNNER,Mk Inner Assemblies,HONDA,SHINE,Shine,,,592.76,SHINE-MKINNERA
UNI-NIKK,review,primary_family_review|generic_brand_only|sku_collision,yes,NA17,NA,NIKKO HORN SMALL,Nikko Horn Small,UNIVERSAL/OTHER,UNIVERSAL,,,,98.00,UNIVERSAL-NIKKOHOR
UNI-NIKK,review,primary_family_review|generic_brand_only|sku_collision,yes,NADI,NADI,NIKKO HORN BIG,Nikko Horn Big,UNIVERSAL/OTHER,UNIVERSAL,,,,116.00,UNIVERSAL-NIKKOHOR
UNI-LEGG,review,primary_family_review|generic_brand_only,yes,NEXA-10,NEXA,LEGGUARD,Legguard,UNIVERSAL/OTHER,UNIVERSAL,,,,107.81,UNIVERSAL-LEGGUARD
ACT-RIM-OM,review,mixed_fitment_families,yes,NX-3701A,NX,WHEEL RIM ACTIVA O/M/PLEASURE,Wheel Rim,HONDA,ACTIVA,Activa Old Model|Pleasure,O/M,,370.00,ACTIVA-RIM
ACT-BNDX,review,mixed_fitment_families,yes,OXY ALL08,OXY,SELF BENDEX ACTIVA ALL/ACCESS ALL,Self Bendex,UNIVERSAL/OTHER,ACTIVA,Activa|Access,,,220.00,ACTIVA-BENDEX
SPL-INDA-PLUS,safe,,no,OXY IND01,OXY,IND.ASSY. SPLENDOR PLUS (OXEE),Ind.Assy. Splendor Plus,HERO,SPLENDOR,Splendor Plus,,,105.00,SPLENDOR-INDASSYS
UNI-LEDB,review,primary_family_review|generic_brand_only,yes,OXY LED65,OXY,LED BULB OXY 65W / LED BULB OXY 12V 2500LM,Led Bulb Oxy,UNIVERSAL/OTHER,UNIVERSAL,,,,420.00,UNIVERSAL-LEDBULBO
UNI-COLO,review,primary_family_review|generic_brand_only,yes,PAINT,PAINT,COLOUR SPREY PAINT,Colour Sprey Paint,UNIVERSAL/OTHER,UNIVERSAL,,,,22.65,UNIVERSAL-COLOURSP
THB-MAIN,safe,,no,R1595BS100-1,R,MAIN CHAIN BULLET 350 CLASSIC/THUNDERBIRD TWINSPARK,Main Chain Bullet,ROYAL ENFIELD,THUNDERBIRD,Thunderbird,,,451.44,THUNDERBIRD-MAINCHAI
HER-R428,safe,,no,R428M,R,R428M CHAIN LOCK HH/SPL,R428M Chain Lock,HERO,HERO,,,,10.68,HERO-R428MCHA
UNI-CHAI,review,primary_family_review|generic_brand_only,yes,ROLONLUBE150,ROLONLUBE,CHAIN LUBE 150 ML,Chain Lube 150,UNIVERSAL/OTHER,UNIVERSAL,,,,113.60,UNIVERSAL-CHAINLUB
UNI-BEAR,review,primary_family_review|generic_brand_only|sku_collision,yes,RT-6201RS(RC),RT,BALL BEARINGS 6201RS KIT (RC) GARE BS6,Ball Bearings,UNIVERSAL/OTHER,UNIVERSAL,,BS6,,73.30,UNIVERSAL-BEARING
UNI-BEAR,review,primary_family_review|generic_brand_only|sku_collision,yes,RT-6203RS(RC),RT,BALL BEARINGS 6203RS KIT (RC),Ball Bearings,UNIVERSAL/OTHER,UNIVERSAL,,,,104.44,UNIVERSAL-BEARING
UNI-BEAR,review,primary_family_review|generic_brand_only|sku_collision,yes,RT-6204RS(RC),RT,BALL BEARINGS 6204RS KIT (RC) GARE BS6,Ball Bearings,UNIVERSAL/OTHER,UNIVERSAL,,BS6,,146.62,UNIVERSAL-BEARING
UNI-BEAR,review,primary_family_review|generic_brand_only|sku_collision,yes,RT-6301RS(RC),RT,BALL BEARINGS 6301RS KIT (RC),Ball Bearings,UNIVERSAL/OTHER,UNIVERSAL,,,,65.00,UNIVERSAL-BEARING
HNK-TMCH,review,mixed_fitment_families,yes,SL5234-94-2,SL,T.CHAIN CEZ EXTRIM/UNICORN/HUNK,Timing Chain,UNIVERSAL/OTHER,HUNK,Hunk|Unicorn,,,195.30,HUNK-TCHAIN
HNK-TMCH,review,mixed_fitment_families,yes,SL623N-94-2,SL,T.CHAIN CBZ EXTRIM/UNICORN/HUNK,Timing Chain,UNIVERSAL/OTHER,HUNK,Hunk|Unicorn,,,233.80,HUNK-TCHAIN
PAS-IGSW-PLUS,safe,,no,SLD110,SLD,SLD IGNITION SWITCH SPL PLUS/PASSION PLUS/C,Ignition Switch,HERO,PASSION,Passion Plus,,,289.68,PASSION-IGSWITCH
HER-LOCK,safe,,no,SLD112A,SLD,SLD LOCK SET SPL PLUS (SET OF 4) (IGNITION SWI),Lock Set,HERO,HERO,,,,400.52,HERO-LOCKSET
HER-LOCK,safe,,no,SLD112AZ/15BZ,SLD,SLD LOCK SET SPL PLUS (SET OF 5)(IGNITION SWI),Lock Set,HERO,HERO,,,,394.40,HERO-LOCKSET
PAS-LOCK-SUP,review,mixed_fitment_families,yes,SLD179,SLD,SLD LOCK SET PASSION/PLUS/SUP SPL (SET 4),Lock Set,HERO,PASSION,Passion|Super Splendor,,,434.40,PASSION-LOCKSET
PAS-LOCK-PRO,safe,,no,SLD231,SLD,SLD LOCK SET PASSION PRO (SET 4),Lock Set,HERO,PASSION,Passion Pro,,,580.48,PASSION-LOCKSET
SPL-IGSW-PRO,review,mixed_fitment_families,yes,SLD232/372A,SLD,SLD IGNITION SWITCH SPL PRO/PASS PRO/PASS X,Ignition Switch,HERO,SPLENDOR,Splendor Pro|Passion Pro,,,280.32,SPLENDOR-IGSWITCH
CDD-SLDP,review,mixed_fitment_families,yes,SLD26,SLD,SLD PETROL TANK LOCK PASSION/SLEEK/CBZ/CD DAWN,Sld Petrol Tank,HERO,CDDAWN,CD Dawn|Passion,,,225.06,CDDAWN-SLDPETRO
SHI-IGSW,safe,,no,SLD279A/394,SLD,SLD IGNITION SWITCH SHINE OLD/CB 125CC (2 PIN),Ignition Switch,HONDA,SHINE,Shine,125,,259.50,SHINE-IGSWITCH
SHI-IGSW-CBSH,review,mixed_fitment_families,yes,SLD379/379A,SLD,SLD IGNITION SWITCH CB SHINE/YUGA/NEO (FEMALE),Ignition Switch,HONDA,SHINE,CB Shine|Shine|Dream Yuga,,,280.96,SHINE-IGSWITCH
HFD-IGSW,safe,,no,SLD601B6,SLD,SLD IGNITION SWITCH HF DLX BS6 (4 POLE MALE COUPLER),Ignition Switch,HERO,HFDLX,HF Deluxe,BS6,,303.60,HFDLX-IGSWITCH
ACT-BNDX,review,mixed_fitment_families,yes,SPG001,SPG,SELF BENDEX ACTIVA ALL/ACCESS ALL,Self Bendex,UNIVERSAL/OTHER,ACTIVA,Activa|Access,,,398.46,ACTIVA-BENDEX
ACT-SLFR-PRO,review,mixed_fitment_families,yes,SRA-002,SRA,SELF RELAY PASSION PRO/ACTIVA/DUET/HF DLX/M,Self Relay,UNIVERSAL/OTHER,ACTIVA,Activa|HF Deluxe|Passion Pro,,,96.00,ACTIVA-SELFRELY
DSC-SLFR,review,,no,SRA-042,SRA,SELF RELAY DISCOVER ALL MODEL,Self Relay,BAJAJ,DISCOVER,Discover,,,171.00,DISCOVER-SELFRELY
SPL-FRFE-BLK,safe,,no,SSFM-01A,SSFM,FR.FE SPLENDOR BLACK,Fr.Fe Splendor Black,HERO,SPLENDOR,Splendor,,,120.00,SPLENDOR-FRFESPLE
PAS-FRFE-PLUS-BLK,safe,,no,SSFM-02A,SSFM,FR.FE PASSION/PASSION PLUS BLACK,Fr.Fe Passion/Passion Plus,HERO,PASSION,Passion Plus,,,126.00,PASSION-FRFEPASS
CDD-FRFE-PRO-BLK,review,mixed_fitment_families,yes,SSFM-04A,SSFM,FR.FE CD DLX N/M/SPL PRO/NXG BLACK,Fr.Fe Cd Dlx,HERO,CDDELUXE,CD Deluxe|Splendor Pro,N/M,,150.00,CDDELUXE-FRFECDDL
ACT-MUDG-WHT-FRONT,safe,,no,SSFMA-02,SSFM,FRONT MUDGARD ACTIVA WHITE UNIVERSAL,Mudguard,HONDA,ACTIVA,Activa,,FRONT,630.00,ACTIVA-MUDGRD-FRONT
ACT-MUDG-GRY-FRONT,safe,,no,SSFMA-04,SSFM,FRONT MUDGARD ACTIVA GREY UNIVERSAL,Mudguard,HONDA,ACTIVA,Activa,,FRONT,630.00,ACTIVA-MUDGRD-FRONT
AVI-NOSE-BLK,safe,,no,SSFN-12A,SSFN,NOSE FOR AVIATOR BLACK,Nose For Aviator,HONDA,AVIATOR,Aviator,,,207.00,AVIATOR-NOSEFORA
SPL-HLVI-BLK,safe,,no,SSHL-01A,SSHL,H.L.VIS SPLENDOR + BLACK,H.L.Vis Splendor Black,HERO,SPLENDOR,Splendor,,,90.00,SPLENDOR-HLVISSPL
SPL-HLVI-PLUS-BLK,safe,,no,SSHL-02A,SSHL,H.L.VIS SPL + N/M BLACK/BLUE,H.L.Vis Spl N/M,HERO,SPLENDOR,Splendor Plus,N/M,,115.00,SPLENDOR-HLVISSPL
SPL-HLVI-PLUS-BLK,safe,,no,SSHL-02B,SSHL,H.L.VIS SPL + N/M BLACK/SILVER,H.L.Vis Spl N/M,HERO,SPLENDOR,Splendor Plus,N/M,,115.00,SPLENDOR-HLVISSPL
CDD-HLVI,safe,,no,SSHL-06B,SSHL,H.L.VIS CD DLX N/M BLAK/BLUE STIC,H.L.Vis Cd Dlx,HERO,CDDELUXE,CD Deluxe,N/M,,166.60,CDDELUXE-HLVISCDD
HFD-HILV-BLK,safe,,no,SSHL-07A,SSHL,HI.L.VIS HF DELUXE BLACK/RED,Hi.L.Vis Hf Deluxe,HERO,HFDLX,HF Deluxe,,,162.00,HFDLX-HILVISHF
PAS-HLVI-PLUS-BLK,safe,,no,SSHL-10B,SSHL,H.L.VIS PASSION + BLACK/BLUE,H.L.Vis Passion Black/Blue,HERO,PASSION,Passion Plus,,,145.00,PASSION-HLVISPAS
PAS-HLVI-PLUS-SLV,safe,,no,SSHL-10D,SSHL,H.L.VIS PASSION + SILVER/BLUE,H.L.Vis Passion Silver/Blue,HERO,PASSION,Passion Plus,,,145.00,PASSION-HLVISPAS
PAS-HLVI-PRO-BLK,safe,,no,SSHL-11B,SSHL,H.L.VIS PASS PRO BLACK/RED,H.L.Vis Pass Pro,HERO,PASSION,Passion Pro,,,252.00,PASSION-HLVISPAS
ACT-HLVI-NM-WHT,safe,,no,SSHL-34F,SSHL,H.L.VIS ACTIVA N/M WHITE,H.L.Vis Activa N/M,HONDA,ACTIVA,Activa New Model,N/M,,162.00,ACTIVA-HLVISACT
AVI-HLVI-BLK,safe,,no,SSHL-36A,SSHL,H.L.VIS AVIATOR BLACK,H.L.Vis Aviator Black,HONDA,AVIATOR,Aviator,,,180.00,AVIATOR-HLVISAVI
ACT-HLVI-3G-BLK,safe,,no,SSHL-66A,SSHL,H.L.VIS ACTIVA 3G/4G BLACK,H.L.Vis Activa 3G/4G,HONDA,ACTIVA,Activa 3G,3G|4G,,202.50,ACTIVA-HLVISACT
ACT-HLVI-3G-WHT,safe,,no,SSHL-66C,SSHL,H.L.VIS ACTIVA 3G/4G WHITE,H.L.Vis Activa 3G/4G,HONDA,ACTIVA,Activa 3G,3G|4G,,202.50,ACTIVA-HLVISACT
PAS-HLVI-PRO-DIGBLK,safe,,no,SSHL-67C,SSHL,H.L.VIS PASS PRO DIGITAL BLACK/GREY,H.L.Vis Pass Pro,HERO,PASSION,Passion Pro,DIGITAL,,250.00,PASSION-HLVISPAS
SPL-SICO-BLK,safe,,no,SSSP-01A,SSSP,SI.CO SPLENDOR O/M BLACK,Si.Co Splendor O/M,HERO,SPLENDOR,Splendor,O/M,,120.00,SPLENDOR-SICOSPLE
SPL-SICO-PLUS-BLK,safe,,no,SSSP-03F,SSSP,SI.CO SPL + N/M BLACK/GREY,Si.Co Spl N/M,HERO,SPLENDOR,Splendor Plus,N/M,,175.50,SPLENDOR-SICOSPLN
SPL-SICO-PRO-BLK,safe,,no,SSSP-04B,SSSP,SI.CO SPL PRO BLACK/GREY,Si.Co Spl Pro,HERO,SPLENDOR,Splendor Pro,,,210.56,SPLENDOR-SICOSPLP
HER-COSP-BLK,review,slash_fitment_unclear,yes,SSSP-70A,SSSP,SÍ.CO SPL I3S BLACK/GREY (BS6),.Co Spl I3S,HERO,HERO,,BS6,,234.00,HERO-COSPLI3S
SPL-TACO-BLK,safe,,no,SSTP-01A,SSTP,TA.CO SPLENDOR BLACK,Ta.Co Splendor Black,HERO,SPLENDOR,Splendor,,,153.00,SPLENDOR-TACOSPLE
SPL-TACO-PLUS-BLK,review,sku_collision,no,SSTP-028,SSTP,TA.CO SPL+ N/M BLACK/SILVER,Ta.Co Spl+ N/M,HERO,SPLENDOR,Splendor Plus,N/M,,191.10,SPLENDOR-TACOSPLN
SPL-TACO-PLUS-BLK,review,sku_collision,no,SSTP-02B,SSTP,TA.CO SPL+ N/M BLACK/SILVER,Ta.Co Spl+ N/M,HERO,SPLENDOR,Splendor Plus,N/M,,175.50,SPLENDOR-TACOSPLN
SPL-TACO-PLUS-BLK,review,sku_collision,no,SSTP-42A,SSTP,TA.CO SPL + N/M BLACK/GREY (SHORT PLATE),Ta.Co Spl N/M,HERO,SPLENDOR,Splendor Plus,N/M,,258.50,SPLENDOR-TACOSPLN
ACT-BRSW-FRONT,review,sku_collision,no,SW0505AG,SW,MINDA FRONT BRAKE SWITCH ACTIVA/N/M/MAES,Brake Switch,HONDA,ACTIVA,Activa,N/M,FRONT,28.70,ACTIVA-BRKSWTCH-FRONT
SPL-BRSW-PLUS-FRONT,review,mixed_fitment_families,yes,SW0505BA,SW,MINDA FRONT BRAKE SWITCH SPL+/PAS+/GLAMO,Brake Switch,HERO,SPLENDOR,Splendor Plus|Passion Plus,,FRONT,28.00,SPLENDOR-BRKSWTCH-FRONT
ACT-BRSW-FRONT,review,sku_collision,no,SW0505CQM01,SW,MINDA FRONT & REAR BRAKE SWITCH ACTIVA AL,Brake Switch,HONDA,ACTIVA,Activa,,FRONT,19.60,ACTIVA-BRKSWTCH-FRONT
SPL-BRSW-PROPLUS-REAR,safe,,no,SW0519AEM01,SW,MINDA REAR BRAKE SWITCH SPL+ N/M/SPL PRO/,Brake Switch,HERO,SPLENDOR,Splendor Pro|Splendor Plus,N/M,REAR,42.48,SPLENDOR-BRKSWTCH-REAR
HER-CLSW,safe,,no,SW0536M01,SW,CLUTCH SWITCH SPL (ALL HERO MODEL),Clutch Switch,HERO,HERO,,,,23.12,HERO-CLTSWTCH
HFD-HBSW,safe,,no,SW0586LMO1,SW,HBS SPL PLUS I3S/PAS PRO 13S/HF DLX 135/SUP S,Handle Bar Switch,HERO,HFDLX,HF Deluxe,,,112.00,HFDLX-HBSWITCH
HER-HBSW-LHS,safe,,no,SW0685BW,SW,HBS SPL PLUS 2015 LHS (SELF START),Handle Bar Switch,HERO,HERO,,,LHS,274.40,HERO-HBSWITCH-LHS
SPL-HBSW-PLUS-LHS,safe,,no,SW0685D,SW,HBS SPL+ N/M LHS (KICK START),Handle Bar Switch,HERO,SPLENDOR,Splendor Plus,N/M,LHS,269.50,SPLENDOR-HBSWITCH-LHS
SPL-HBSW-PRO-LHS,safe,,no,SW0685N,SW,HBS SPL PRO LHS (SELF START),Handle Bar Switch,HERO,SPLENDOR,Splendor Pro,,LHS,77.65,SPLENDOR-HBSWITCH-LHS
HFD-HBSW,safe,,no,SW0686C,SW,HBS PAS PRO 2010-15/NXG 2010-12/HF DLX 2012-,Handle Bar Switch,HERO,HFDLX,HF Deluxe,,,72.00,HFDLX-HBSWITCH
HFD-HBSW,safe,,no,SW0686LMO1,SW,HBS SPL PLUS I3S/PAS PRO 13S/HF DLX I3S/SUP S,Handle Bar Switch,HERO,HFDLX,HF Deluxe,,,112.00,HFDLX-HBSWITCH
UNI-HBSW,review,primary_family_review|generic_brand_only,yes,SW0686Z,SW,HBS UNIVERSAL EXTRA SWITCH,Handle Bar Switch,UNIVERSAL/OTHER,UNIVERSAL,,,,51.80,UNIVERSAL-HBSWITCH
HER-FIBS-LHS,safe,,no,SW0722D,SW,FIBS SPL LHS (KICK START),Fibs Spl Lhs,HERO,HERO,,,LHS,191.52,HERO-FIBSSPLL-LHS
ACT-SLFB-6G125,safe,,no,SW0996M01,SW,MINDA SELF BUTTON ACTIVA 6G/ACTIVA 125/GRA,Self Button,HONDA,ACTIVA,Activa 6G|Activa 125,125,,55.08,ACTIVA-SELFBTTN
HER-TUBE,safe,,no,TUBE01,TUBE,TUBE BUTYL HERO 2.75/3/18 HH,Tube,HERO,HERO,,,,113.00,HERO-TUBE
ACT-TUBE,safe,,no,TUBE02,TUBE,TUBE BUTYL HERO 3.50/10 ACTIVA,Tube,HONDA,ACTIVA,Activa,,,113.00,ACTIVA-TUBE
ACT-RIM-NM,review,mixed_fitment_families,yes,USHA05,USHA,WHEEL RIM ACTIVA N/M / MAESTRO (17) (USHA),Wheel Rim,HONDA,ACTIVA,Activa New Model|Maestro,N/M,,405.00,ACTIVA-RIM
ACT-RIM-OM,review,mixed_fitment_families,yes,USHA06,USHA,WHEEL RIM ACTIVA O/M/PLEASURE (USHA) HEAV,Wheel Rim,HONDA,ACTIVA,Activa Old Model|Pleasure,O/M,,425.00,ACTIVA-RIM
ACT-RIM-6GNM,review,mixed_fitment_families,yes,USHA07,USHA,WHEEL RIM ACCESS N/M /ACTIVA 6G/AVIATOR N,Wheel Rim,SUZUKI,ACTIVA,Activa 6G|Access New Model|Aviator,N/M,,425.00,ACTIVA-RIM
